,Pollinator.name,Genus,Species,Size,SizeType
1,Acamptopoeum.sp,Acamptopoeum,sp,9.5,BL
2,Acanthopus.sp,Acanthopus,sp,22.5,BL
3,Acedanthidium.sp,Acedanthidium,sp,7.75,BL
4,Aclastus.sp,Aclastus,sp,5,BL
6,Acmaeopsoides.sp,Acmaeopsoides,sp,12,BL
11,Aethammobates.sp,Aethammobates,sp,7.5,BL
12,Afranthidium.sp,Afranthidium,sp,7.5,BL
13,Afroheriades.sp,Afroheriades,sp,6.25,BL
14,Afromelecta.sp,Afromelecta,sp,14.5,BL
15,Afrostelis.sp,Afrostelis,sp,5,BL
16,Agapanthinus.sp,Agapanthinus,sp,10,BL
19,Agapostemon.sp,Agapostemon,sp,10.75,BL
25,Aglae.sp,Aglae,sp,24.5,BL
26,Aglaoapis.sp,Aglaoapis,sp,11,BL
27,Aglaomelissa.sp,Aglaomelissa,sp,9.5,BL
28,Alepidosceles.sp,Alepidosceles,sp,9,BL
29,Allodape.sp,Allodape,sp,9.5,BL
30,Allodapula.sp,Allodapula,sp,6.75,BL
31,Allodioxys.sp,Allodioxys,sp,8.5,BL
32,Alloscirtetica.sp,Alloscirtetica,sp,12.5,BL
33,Alocandrena.sp,Alocandrena,sp,11,BL
41,Amegilla.sp,Amegilla,sp,16,BL
42,Ammobates.sp,Ammobates,sp,7.5,BL
43,Ammobatoides.sp,Ammobatoides,sp,12,BL
44,Amphylaeus.sp,Amphylaeus,sp,9.25,BL
45,Ancistrocerus.sp,Ancistrocerus,sp,9,BL
46,Ancyla.sp,Ancyla,sp,7.5,BL
47,Ancylandrena.sp,Ancylandrena,sp,11.5,BL
48,Ancyloscelis.sp,Ancyloscelis,sp,8,BL
49,Andinaugochlora.sp,Andinaugochlora,sp,9,BL
982,Andrena.sp,Andrena,sp,8,BL
1007,Anthemurgus.sp,Anthemurgus,sp,7,BL
1009,Anthidiellum.sp,Anthidiellum,sp,7.25,BL
1011,Anthidioma.sp,Anthidioma,sp,10.5,BL
1017,Anthidium.sp,Anthidium,sp,12.5,BL
1019,Anthodioctes.sp,Anthodioctes,sp,7.5,BL
1020,Anthomyia.sp,Anthomyia,sp,5.6,BL
1021,Anthomyiidae.sp,Anthomyiidae,sp,6,BL
1022,Anthonomus.sp,Anthonomus,sp,3,BL
1495,Anthophora.sp,Anthophora,sp,15,BL
1498,Anthophorula.sp,Anthophorula,sp,5.25,BL
1503,Anthrax.sp,Anthrax,sp,9.4,BL
1505,Anthrenoides.sp,Anthrenoides,sp,6,BL
1506,Apanteles.sp,Apanteles,sp,4,BL
1507,Apianthidium.sp,Apianthidium,sp,12.5,BL
1518,Apis.sp,Apis,sp,13,BL
1519,Archytas.sp,Archytas,sp,16,BL
1521,Arhysoceble.sp,Arhysoceble,sp,7,BL
1522,Arhysosage.sp,Arhysosage,sp,10,BL
1526,Ashmeadiella.sp,Ashmeadiella,sp,6.5,BL
1527,Aspidosmia.sp,Aspidosmia,sp,9,BL
1528,Atoposmia.sp,Atoposmia,sp,7.75,BL
1529,Atrytone.sp,Atrytone,sp,33,WS
1531,Augochlora.sp,Augochlora,sp,8,BL
1533,Augochlorella.sp,Augochlorella,sp,6.25,BL
1535,Augochlorodes.sp,Augochlorodes,sp,7.5,BL
1538,Augochloropsis.sp,Augochloropsis,sp,9,BL
1539,Austroplebeia.sp,Austroplebeia,sp,3.5,BL
1540,Austrostelis.sp,Austrostelis,sp,7,BL
1541,Autographa.sp,Autographa,sp,37.5,WS
1542,Avpanurgus.sp,Avpanurgus,sp,7.5,BL
1543,Aztecanthidium.sp,Aztecanthidium,sp,16,BL
1546,Bathanthidium.sp,Bathanthidium,sp,7.25,BL
1548,Benanthis.sp,Benanthis,sp,9,BL
1549,Biastes.sp,Biastes,sp,7,BL
1552,Blera.sp,Blera,sp,15,BL
2220,Bombus.sp,Bombus,sp,15.5,BL
2477,Brachyglossula.sp,Brachyglossula,sp,14,BL
2478,Brachyhesma.sp,Brachyhesma,sp,3.35,BL
2479,Brachymelecta.sp,Brachymelecta,sp,9,BL
2480,Brachynomada.sp,Brachynomada,sp,6.25,BL
2482,Bracon.sp,Bracon,sp,3.32,BL
2483,Bradysia.sp,Bradysia,sp,1.73,BL
2484,Braunsapis.sp,Braunsapis,sp,6,BL
2485,Brenthis.sp,Brenthis,sp,49,WS
2486,Cadeguala.sp,Cadeguala,sp,14.5,BL
2487,Cadegualina.sp,Cadegualina,sp,10.5,BL
2488,Caenaugochlora.sp,Caenaugochlora,sp,10.5,BL
2489,Caenohalictus.sp,Caenohalictus,sp,8.5,BL
2490,Caenonomada.sp,Caenonomada,sp,11.5,BL
2491,Caenoprosopina.sp,Caenoprosopina,sp,4.5,BL
2492,Caenoprosopis.sp,Caenoprosopis,sp,7.25,BL
2494,Calliopsis.sp,Calliopsis,sp,8.5,BL
2496,Callohesma.sp,Callohesma,sp,8,BL
2497,Callomelitta.sp,Callomelitta,sp,8,BL
2498,Callonychium.sp,Callonychium,sp,5,BL
2499,Calloprosopsis.sp,Calloprosopsis,sp,8,BL
2501,Camptopoeum.sp,Camptopoeum,sp,7,BL
2502,Canephorula.sp,Canephorula,sp,11.75,BL
2503,Cantharis.sp,Cantharis,sp,11,BL
2504,Carposcalis.sp,Carposcalis,sp,7.95,BL
2507,Caupolicana.sp,Caupolicana,sp,19,BL
2508,Ceblurgus.sp,Ceblurgus,sp,7.5,BL
2510,Cemolobus.sp,Cemolobus,sp,14.5,BL
2513,Centris.sp,Centris,sp,20.5,BL
2515,Cephalotrigona.sp,Cephalotrigona,sp,8,BL
2517,Ceratalictus.sp,Ceratalictus,sp,6.25,BL
2528,Ceratina.sp,Ceratina,sp,7.35,BL
2531,Ceratomia.sp,Ceratomia,sp,93,WS
2532,Ceratomonia.sp,Ceratomonia,sp,14,BL
2533,Cerceris.sp,Cerceris,sp,12.9,BL
2535,Chaeturginus.sp,Chaeturginus,sp,6,BL
2538,Chalcosyrphus.sp,Chalcosyrphus,sp,12,BL
2539,Chalepogenus.sp,Chalepogenus,sp,6.5,BL
2544,Cheilosia.sp,Cheilosia,sp,10,BL
2554,Chelostoma.sp,Chelostoma,sp,6.2,BL
2555,Chilicola.sp,Chilicola,sp,5.5,BL
2556,Chilimalopsis.sp,Chilimalopsis,sp,3.75,BL
2557,Chilimelissa.sp,Chilimelissa,sp,5,BL
2558,Chlerogas.sp,Chlerogas,sp,12.25,BL
2559,Chlerogella.sp,Chlerogella,sp,8,BL
2560,Chlerogelloides.sp,Chlerogelloides,sp,6.2,BL
2562,Chrysis.sp,Chrysis,sp,9,BL
2563,Chrysocolletes.sp,Chrysocolletes,sp,11,BL
2564,Chrysogaster.sp,Chrysogaster,sp,5,BL
2570,Chrysotoxum.sp,Chrysotoxum,sp,14.5,BL
2571,Cleptotrigona.sp,Cleptotrigona,sp,3.75,BL
2572,Clisodon.sp,Clisodon,sp,10.5,BL
2576,Coelioxoides.sp,Coelioxoides,sp,10.25,BL
2588,Coelioxys.sp,Coelioxys,sp,13.5,BL
2609,Colletes.sp,Colletes,sp,11.5,BL
2612,Compsomelissa.sp,Compsomelissa,sp,4.75,BL
2613,Conanthalictus.sp,Conanthalictus,sp,5,BL
2616,Corynura.sp,Corynura,sp,8.5,BL
2617,Crabro.sp,Crabro,sp,12,BL
2618,Crawfordapis.sp,Crawfordapis,sp,21,BL
2619,Ctenioschelus.sp,Ctenioschelus,sp,15,BL
2620,Ctenocolletes.sp,Ctenocolletes,sp,17.25,BL
2621,Ctenoplectra.sp,Ctenoplectra,sp,9.75,BL
2622,Ctenoplectrina.sp,Ctenoplectrina,sp,6,BL
2623,Ctenucha.sp,Ctenucha,sp,45,WS
2624,Cubitalia.sp,Cubitalia,sp,15,BL
2626,Cyphanthidium.sp,Cyphanthidium,sp,8,BL
2628,Dactylurina.sp,Dactylurina,sp,6,BL
2629,Dalopius.sp,Dalopius,sp,8.08,BL
2630,Dasyhalonia.sp,Dasyhalonia,sp,12.5,BL
2631,Dasyhelea.sp,Dasyhelea,sp,2.13,BL
2632,Dasyhesma.sp,Dasyhesma,sp,8,BL
2636,Dasypoda.sp,Dasypoda,sp,14,BL
2642,Delia.sp,Delia,sp,4.5,BL
2643,Deltoptila.sp,Deltoptila,sp,12.5,BL
2647,Diadasia.sp,Diadasia,sp,12.5,BL
2648,Diadasina.sp,Diadasina,sp,7,BL
2656,Dialictus.sp,Dialictus,sp,5.75,BL
2658,Dianthidium.sp,Dianthidium,sp,14.25,BL
2661,Dieunomia.sp,Dieunomia,sp,15,BL
2662,Dilophus.sp,Dilophus,sp,4.55,BL
2663,Dinagapostemon.sp,Dinagapostemon,sp,12.75,BL
2664,Dioxys.sp,Dioxys,sp,9,BL
2665,Diphaglossa.sp,Diphaglossa,sp,18,BL
2669,Dolichovespula.sp,Dolichovespula,sp,14.25,BL
2671,Duckeanthidium.sp,Duckeanthidium,sp,12.25,BL
2672,Dufourea.sp,Dufourea,sp,7.25,BL
2673,Echthralictus.sp,Echthralictus,sp,5.75,BL
2674,Eclimus.sp,Eclimus,sp,7.5,BL
2675,Ectemnius.sp,Ectemnius,sp,10,BL
2676,Effractapis.sp,Effractapis,sp,4,BL
2677,Elaphropoda.sp,Elaphropoda,sp,15.5,BL
2679,Ensliniana.sp,Ensliniana,sp,8.25,BL
2680,Eoanthidium.sp,Eoanthidium,sp,8,BL
2681,Epalpus.sp,Epalpus,sp,11,BL
2682,Epanthidium.sp,Epanthidium,sp,9,BL
2683,Epeoloides.sp,Epeoloides,sp,8.5,BL
2690,Ephemerella.sp,Ephemerella,sp,10,BL
2691,Epicharis.sp,Epicharis,sp,20,BL
2692,Epiclopus.sp,Epiclopus,sp,12.5,BL
2699,Eremaphanta.sp,Eremaphanta,sp,5.25,BL
2700,Eremapis.sp,Eremapis,sp,4.25,BL
2701,Eremomyioides.sp,Eremomyioides,sp,8,BL
2702,Ericrocis.sp,Ericrocis,sp,12,BL
2705,Eristalinus.sp,Eristalinus,sp,16,BL
2712,Eristalis.sp,Eristalis,sp,12,BL
2716,Euaspis.sp,Euaspis,sp,11.5,BL
2722,Eucera.sp,Eucera,sp,14,BL
2723,Eucerinoda.sp,Eucerinoda,sp,10.75,BL
2725,Eucondylops.sp,Eucondylops,sp,6.25,BL
2727,Eudioxys.sp,Eudioxys,sp,6.75,BL
2728,Eufriesea.sp,Eufriesea,sp,20,BL
2731,Euglossa.sp,Euglossa,sp,14,BL
2732,Euherbstia.sp,Euherbstia,sp,15.5,BL
2733,Euhesma.sp,Euhesma,sp,6.25,BL
2735,Eulaema.sp,Eulaema,sp,24.5,BL
2736,Eulonchopria.sp,Eulonchopria,sp,9.5,BL
2737,Eumenes.sp,Eumenes,sp,15.5,BL
2744,Eupeodes.sp,Eupeodes,sp,10,BL
2745,Eupetersia.sp,Eupetersia,sp,8.5,BL
2752,Euryglossa.sp,Euryglossa,sp,10,BL
2753,Euryglossina.sp,Euryglossina,sp,3.4,BL
2754,Euryglossula.sp,Euryglossula,sp,3,BL
2756,Eusphalerum.sp,Eusphalerum,sp,2.4,BL
2757,Eusphalerum.sp,Eusphalerum,sp,3.2,BL
2762,Exaerete.sp,Exaerete,sp,23,BL
2764,Exomalopsis.sp,Exomalopsis,sp,8,BL
2765,Exoneura.sp,Exoneura,sp,6.25,BL
2766,Exoneurella.sp,Exoneurella,sp,6.75,BL
2767,Exoneuridia.sp,Exoneuridia,sp,7.5,BL
2770,Exoprosopa.sp,Exoprosopa,sp,13.8,BL
2773,Fidelia.sp,Fidelia,sp,17.5,BL
2774,Florilegus.sp,Florilegus,sp,11.5,BL
2777,Forcipomyia.sp,Forcipomyia,sp,2.25,BL
2778,Gaesischia.sp,Gaesischia,sp,12.5,BL
2779,Gaesochira.sp,Gaesochira,sp,11,BL
2780,Gasparinahla.sp,Gasparinahla,sp,6.5,BL
2782,Geotrigona.sp,Geotrigona,sp,5.75,BL
2783,Glossodialictus.sp,Glossodialictus,sp,8.5,BL
2784,Glossurocolletes.sp,Glossurocolletes,sp,7.5,BL
2785,Glypta.sp,Glypta,sp,7.56,BL
2786,Gnathanthidium.sp,Gnathanthidium,sp,9.75,BL
2788,Gonia.sp,Gonia,sp,10,BL
2789,Habralictus.sp,Habralictus,sp,5.25,BL
2790,Habrophorula.sp,Habrophorula,sp,11,BL
2791,Habropoda.sp,Habropoda,sp,14,BL
2792,Haetosmia.sp,Haetosmia,sp,6,BL
2793,Halictid.sp,Halictid,sp,7,BL
2794,Halictillus.sp,Halictillus,sp,5.5,BL
2795,Halictonomia.sp,Halictonomia,sp,6.5,BL
3066,Halictus.sp,Halictus,sp,9.25,BL
3299,Hamatothrix.sp,Hamatothrix,sp,8.5,BL
3301,Haplomelitta.sp,Haplomelitta,sp,9.75,BL
3302,Helicobia.sp,Helicobia,sp,5.5,BL
3308,Helophilus.sp,Helophilus,sp,12.5,BL
3310,Hemirhiza.sp,Hemirhiza,sp,6,BL
3315,Heriades.sp,Heriades,sp,5.5,BL
3318,Hesperapis.sp,Hesperapis,sp,9.25,BL
3319,Hesperocolletes.sp,Hesperocolletes,sp,12,BL
3320,Heterohesma.sp,Heterohesma,sp,10,BL
3323,Hofferia.sp,Hofferia,sp,11.75,BL
3324,Holcopasites.sp,Holcopasites,sp,5.25,BL
3325,Homalictus.sp,Homalictus,sp,7.25,BL
3326,Hopliphora.sp,Hopliphora,sp,19.5,BL
3335,Hoplitis.sp,Hoplitis,sp,10.5,BL
3336,Hoplosmia.sp,Hoplosmia,sp,8.25,BL
3337,Hoplostelis.sp,Hoplostelis,sp,11,BL
3340,Hyeloides.sp,Hyeloides,sp,12,BL
3371,Hylaeus.sp,Hylaeus,sp,5.5,BL
3376,Hypanthidiodes.sp,Hypanthidiodes,sp,7,BL
3377,Hypanthidium.sp,Hypanthidium,sp,8.75,BL
3378,Hyphesma.sp,Hyphesma,sp,4.25,BL
3380,Hypotrigona.sp,Hypotrigona,sp,2.95,BL
3381,Icteranthidium.sp,Icteranthidium,sp,11.25,BL
3382,Indanthidium.sp,Indanthidium,sp,6.75,BL
3383,Irbisia.sp,Irbisia,sp,5.75,BL
3384,Isepeolus.sp,Isepeolus,sp,8.5,BL
3387,Kelita.sp,Kelita,sp,4.3,BL
3388,Larinostelis.sp,Larinostelis,sp,6.5,BL
3389,Larocanthidium.sp,Larocanthidium,sp,6.5,BL
3967,Lasioglossum.sp,Lasioglossum,sp,7.5,BL
4175,Leiopodus.sp,Leiopodus,sp,9,BL
4176,Leioproctus.sp,Leioproctus,sp,10.5,BL
4177,Lejogaster.sp,Lejogaster,sp,9,BL
4179,Lestrimelitta.sp,Lestrimelitta,sp,5.5,BL
4186,Liotrigona.sp,Liotrigona,sp,2.4,BL
4187,Liphanthus.sp,Liphanthus,sp,5,BL
4188,Lipotriches.sp,Lipotriches,sp,9,BL
4189,Lisotrigona.sp,Lisotrigona,sp,2.75,BL
4193,Lithurgus.sp,Lithurgus,sp,13.5,BL
4194,Lonchopria.sp,Lonchopria,sp,11.25,BL
4195,Lonchorhyncha.sp,Lonchorhyncha,sp,12,BL
4197,Lophothygater.sp,Lophothygater,sp,12.25,BL
4198,Lucilia.sp,Lucilia,sp,6,BL
4206,Macrogalea.sp,Macrogalea,sp,9,BL
4210,Macropis.sp,Macropis,sp,9.5,BL
4211,Macrotera.sp,Macrotera,sp,6.5,BL
4217,Martinapis.sp,Martinapis,sp,14,BL
4957,Megachile.sp,Megachile,sp,22,BL
4964,Megalopta.sp,Megalopta,sp,13,BL
4965,Megaloptilla.sp,Megaloptilla,sp,9.5,BL
4966,Megandrena.sp,Megandrena,sp,14,BL
4967,Meganomia.sp,Meganomia,sp,18.5,BL
4969,Megommation.sp,Megommation,sp,11,BL
4970,Melanempis.sp,Melanempis,sp,18.5,BL
4978,Melanostoma.sp,Melanostoma,sp,7,BL
4982,Melecta.sp,Melecta,sp,13,BL
4983,Melectoides.sp,Melectoides,sp,9.25,BL
4985,Meliphilopsis.sp,Meliphilopsis,sp,8.4,BL
4990,Melipona.sp,Melipona,sp,11.5,BL
4991,Meliponula.sp,Meliponula,sp,6.25,BL
4994,Meliscaeva.sp,Meliscaeva,sp,8,BL
5002,Melissodes.sp,Melissodes,sp,12.25,BL
5005,Melissoptila.sp,Melissoptila,sp,10,BL
5007,Melitoma.sp,Melitoma,sp,11.5,BL
5008,Melitomella.sp,Melitomella,sp,9,BL
5010,Melitta.sp,Melitta,sp,11.5,BL
5011,Melittosmithia.sp,Melittosmithia,sp,7.75,BL
5012,Melitturga.sp,Melitturga,sp,12.5,BL
5013,Meliturgula.sp,Meliturgula,sp,8.5,BL
5014,Meliwillea.sp,Meliwillea,sp,5,BL
5015,Mellitidia.sp,Mellitidia,sp,10,BL
5016,Mermiglossa.sp,Mermiglossa,sp,8.5,BL
5017,Meroglossa.sp,Meroglossa,sp,9.5,BL
5018,Mesocheira.sp,Mesocheira,sp,11.5,BL
5020,Mesonychium.sp,Mesonychium,sp,13,BL
5021,Mesoplia.sp,Mesoplia,sp,15.75,BL
5022,Metadioxys.sp,Metadioxys,sp,10.5,BL
5024,Micralictoides.sp,Micralictoides,sp,5.75,BL
5026,Micrommation.sp,Micrommation,sp,10.4,BL
5027,Micronychapis.sp,Micronychapis,sp,13.5,BL
5028,Microsphecodes.sp,Microsphecodes,sp,4.75,BL
5029,Microthurge.sp,Microthurge,sp,6.5,BL
5030,Mirnapis.sp,Mirnapis,sp,10.5,BL
5031,Monoeca.sp,Monoeca,sp,10,BL
5034,Morawitzella.sp,Morawitzella,sp,3.75,BL
5035,Morawitzia.sp,Morawitzia,sp,12,BL
5037,Mourecolletes.sp,Mourecolletes,sp,10.5,BL
5038,Mydrosoma.sp,Mydrosoma,sp,14.5,BL
5039,Mydrosomella.sp,Mydrosomella,sp,11.5,BL
5042,Nannotrigona.sp,Nannotrigona,sp,4,BL
5043,Nanorhathymus.sp,Nanorhathymus,sp,15.5,BL
5044,Nasutapis.sp,Nasutapis,sp,5,BL
5046,Neanthidium.sp,Neanthidium,sp,11,BL
5047,Neffapis.sp,Neffapis,sp,6,BL
5050,Neocorynura.sp,Neocorynura,sp,8.25,BL
5051,Neofidelia.sp,Neofidelia,sp,10.5,BL
5052,Neolarra.sp,Neolarra,sp,4.5,BL
5053,Neopasiphae.sp,Neopasiphae,sp,8.75,BL
5054,Neopasites.sp,Neopasites,sp,4.75,BL
5055,Nesosphecodes.sp,Nesosphecodes,sp,8,BL
5056,Niltonia.sp,Niltonia,sp,11.25,BL
5057,Nogueirapis.sp,Nogueirapis,sp,4.5,BL
5087,Nomada.sp,Nomada,sp,9.5,BL
5098,Nomia.sp,Nomia,sp,10.5,BL
5100,Notanthidium.sp,Notanthidium,sp,9.5,BL
5101,Noteriades.sp,Noteriades,sp,7.25,BL
5102,Notolonia.sp,Notolonia,sp,15.5,BL
5105,Ochreriades.sp,Ochreriades,sp,8.5,BL
5107,Odyneropsis.sp,Odyneropsis,sp,13,BL
5110,Oligia.sp,Oligia,sp,23.5,WS
5111,Omalus.sp,Omalus,sp,4.7,BL
5112,Omicron.sp,Omicron,sp,7,BL
5113,Ophion.sp,Ophion,sp,14.5,BL
5115,Oreopasites.sp,Oreopasites,sp,4.85,BL
5117,Orphana.sp,Orphana,sp,12,BL
5120,Osirinus.sp,Osirinus,sp,7.75,BL
5121,Osiris.sp,Osiris,sp,12.1,BL
5700,Osmia.sp,Osmia,sp,10.5,BL
5708,Oxybelus.sp,Oxybelus,sp,5.25,BL
5709,Oxytrigona.sp,Oxytrigona,sp,4.75,BL
5710,Pachodynerus.sp,Pachodynerus,sp,12.5,BL
5711,Pachyanthidium.sp,Pachyanthidium,sp,8.5,BL
5712,Pachymelus.sp,Pachymelus,sp,22,BL
5713,Pachyprosopsis.sp,Pachyprosopsis,sp,44.25,BL
5714,Pachysvastra.sp,Pachysvastra,sp,10.25,BL
5715,Palaeorhiza.sp,Palaeorhiza,sp,9,BL
5716,Palpada.sp,Palpada,sp,11.3,BL
5718,Panurginus.sp,Panurginus,sp,7,BL
5721,Panurgus.sp,Panurgus,sp,9.5,BL
5722,Panzeria.sp,Panzeria,sp,9.75,BL
5724,Paracolletes.sp,Paracolletes,sp,13.5,BL
5725,Paradioxys.sp,Paradioxys,sp,8.25,BL
5726,Paragapostemon.sp,Paragapostemon,sp,11,BL
5728,Parahophites.sp,Parahophites,sp,6,BL
5729,Parammobatodes.sp,Parammobatodes,sp,5.25,BL
5731,Parancistrocerus.sp,Parancistrocerus,sp,11,BL
5732,Paranomada.sp,Paranomada,sp,8,BL
5733,Paranthidium.sp,Paranthidium,sp,9.25,BL
5734,Parapsaenythia.sp,Parapsaenythia,sp,8.5,BL
5743,Paratetrapedia.sp,Paratetrapedia,sp,9,BL
5744,Parathrincostoma.sp,Parathrincostoma,sp,12.5,BL
5745,Paratrigona.sp,Paratrigona,sp,4.5,BL
5747,Parepeolus.sp,Parepeolus,sp,9.5,BL
5748,Parhelophilus.sp,Parhelophilus,sp,10,BL
5749,Pariotrigona.sp,Pariotrigona,sp,2.75,BL
5752,Paroxystoglossa.sp,Paroxystoglossa,sp,9.5,BL
5754,Partamona.sp,Partamona,sp,5.75,BL
5755,Pasites.sp,Pasites,sp,7.4,BL
5756,Passaloecus.sp,Passaloecus,sp,9.5,BL
5757,Patellapis.sp,Patellapis,sp,8,BL
5758,Pegohylemyia.sp,Pegohylemyia,sp,7,BL
5761,Penapsis.sp,Penapsis,sp,8.5,BL
5764,Peponapis.sp,Peponapis,sp,13.5,BL
5765,Pepsis.sp,Pepsis,sp,40,BL
5767,Perdita.sp,Perdita,sp,5.5,BL
5768,Pereirapis.sp,Pereirapis,sp,5,BL
5772,Phaonia.sp,Phaonia,sp,10,BL
5773,Pharohylaeus.sp,Pharohylaeus,sp,10,BL
5774,Phenacolletes.sp,Phenacolletes,sp,14,BL
5775,Phorbia.sp,Phorbia,sp,7,BL
5777,Phormia.sp,Phormia,sp,10,BL
5784,Pipiza.sp,Pipiza,sp,7,BL
5800,Platycheirus.sp,Platycheirus,sp,7,BL
5803,Platysvastra.sp,Platysvastra,sp,13.5,BL
5805,Plebeia.sp,Plebeia,sp,5.25,BL
5806,Plebeina.sp,Plebeina,sp,4.5,BL
5807,Plesianthidium.sp,Plesianthidium,sp,11.5,BL
5808,Plesiopanurgus.sp,Plesiopanurgus,sp,9,BL
5810,Polistes.sp,Polistes,sp,19,BL
5816,Pompiloides.sp,Pompiloides,sp,20,BL
5818,Prodioxys.sp,Prodioxys,sp,10,BL
5819,Promelitta.sp,Promelitta,sp,9,BL
5824,Prosopis.sp,Prosopis,sp,5.13,BL
5826,Protandrena.sp,Protandrena,sp,8,BL
5827,Protodufourea.sp,Protodufourea,sp,6.25,BL
5828,Protosiris.sp,Protosiris,sp,13.25,BL
5829,Protosmia.sp,Protosmia,sp,6.5,BL
5830,Psaenythia.sp,Psaenythia,sp,10.5,BL
5831,Pseudagapostemon.sp,Pseudagapostemon,sp,8,BL
5833,Pseudapsis.sp,Pseudapsis,sp,8.5,BL
5835,Pseudaugochlora.sp,Pseudaugochlora,sp,10.5,BL
5837,Pseudoanthidium.sp,Pseudoanthidium,sp,8.5,BL
5838,Pseudoheriades.sp,Pseudoheriades,sp,6.25,BL
5841,Pseudopanurgus.sp,Pseudopanurgus,sp,8.5,BL
5842,Pseudophilanthus.sp,Pseudophilanthus,sp,14,BL
5845,Psithyrus.sp,Psithyrus,sp,19.8,BL
5846,Ptilocleptis.sp,Ptilocleptis,sp,8,BL
5848,Ptiloglossa.sp,Ptiloglossa,sp,17.5,BL
5849,Ptiloglossidia.sp,Ptiloglossidia,sp,11.325,BL
5850,Ptilonomia.sp,Ptilonomia,sp,12,BL
5851,Ptilothrix.sp,Ptilothrix,sp,11,BL
5857,Radoszkowskiana.sp,Radoszkowskiana,sp,11.5,BL
5858,Rediviva.sp,Rediviva,sp,13.5,BL
5859,Redivivoides.sp,Redivivoides,sp,12.5,BL
5860,Reepenia.sp,Reepenia,sp,10.5,BL
5864,Rhathymus.sp,Rhathymus,sp,22,BL
5865,Rhectomia.sp,Rhectomia,sp,6,BL
5866,Rhinepeolus.sp,Rhinepeolus,sp,8.75,BL
5867,Rhinetula.sp,Rhinetula,sp,10.25,BL
5868,Rhinocorynura.sp,Rhinocorynura,sp,9.5,BL
5869,Rhodanthidium.sp,Rhodanthidium,sp,15.25,BL
5870,Rhogepeolus.sp,Rhogepeolus,sp,8.25,BL
5871,Rhopalolemma.sp,Rhopalolemma,sp,6.4,BL
5872,Rhopalum.sp,Rhopalum,sp,6.1,BL
5873,Rhophitulus.sp,Rhophitulus,sp,5.5,BL
5874,Rophites.sp,Rophites,sp,8,BL
5875,Ruizantheda.sp,Ruizantheda,sp,9,BL
5876,Samba.sp,Samba,sp,9.5,BL
5877,Santiago.sp,Santiago,sp,12.25,BL
5879,Sarcophaga.sp,Sarcophaga,sp,10,BL
5885,Scaptotrigona.sp,Scaptotrigona,sp,6,BL
5887,Schmiedeknechtia.sp,Schmiedeknechtia,sp,4.5,BL
5889,Scrapter.sp,Scrapter,sp,10,BL
5891,Serapista.sp,Serapista,sp,12,BL
5892,Sericogaster.sp,Sericogaster,sp,9,BL
5894,Sericomyia.sp,Sericomyia,sp,16.7,BL
5895,Simanthedon.sp,Simanthedon,sp,13.5,BL
5896,Sinomelecta.sp,Sinomelecta,sp,11.25,BL
5897,Smittia.sp,Smittia,sp,3,BL
5898,Spatunomia.sp,Spatunomia,sp,14,BL
5899,Spechodopsis.sp,Spechodopsis,sp,6.5,BL
5904,Sphaerophoria.sp,Sphaerophoria,sp,8.35,BL
5905,Sphaerophoria.sp,Sphaerophoria,sp,22,BL
5928,Sphecodes.sp,Sphecodes,sp,9.75,BL
5929,Sphecodosoma.sp,Sphecodosoma,sp,4.5,BL
5931,Sphegocephala.sp,Sphegocephala,sp,9.25,BL
5932,Sphex.sp,Sphex,sp,28.5,BL
5935,Spinoliella.sp,Spinoliella,sp,6.5,BL
5936,Spinopasites.sp,Spinopasites,sp,3.75,BL
5937,Steganomus.sp,Steganomus,sp,7.5,BL
5941,Stelis.sp,Stelis,sp,9,BL
5942,Stenocolletes.sp,Stenocolletes,sp,7,BL
5943,Stenoheriades.sp,Stenoheriades,sp,6,BL
5944,Stenohesma.sp,Stenohesma,sp,8.75,BL
5945,Stenomacrus.sp,Stenomacrus,sp,3,BL
5946,Stenosmia.sp,Stenosmia,sp,5.25,BL
5947,Stenotritus.sp,Stenotritus,sp,13.5,BL
5950,Svastra.sp,Svastra,sp,14.25,BL
5951,Svastrides.sp,Svastrides,sp,12.5,BL
5952,Svastrina.sp,Svastrina,sp,11.5,BL
5955,Syngrapha.sp,Syngrapha,sp,35,WS
5956,Syntrichalonia.sp,Syntrichalonia,sp,15.5,BL
5958,Syritta.sp,Syritta,sp,8,BL
5962,Syrphus.sp,Syrphus,sp,10,BL
5967,Systropha.sp,Systropha,sp,10,BL
5969,Tabanus.sp,Tabanus,sp,7.5,BL
5971,Tapinotaspis.sp,Tapinotaspis,sp,8.75,BL
5972,Tapinotaspoides.sp,Tapinotaspoides,sp,9.5,BL
5973,Tarsalia.sp,Tarsalia,sp,10,BL
5977,Temnostoma.sp,Temnostoma,sp,16.7,BL
5978,Tenthredella.sp,Tenthredella,sp,11.25,BL
5979,Teratognatha.sp,Teratognatha,sp,4,BL
5983,Tetragona.sp,Tetragona,sp,6.5,BL
5986,Tetralonia.sp,Tetralonia,sp,13,BL
5991,Tetraloniella.sp,Tetraloniella,sp,11,BL
5992,Tetralonioidella.sp,Tetralonioidella,sp,11,BL
5993,Tetraopes.sp,Tetraopes,sp,9,BL
5995,Tetrapedia.sp,Tetrapedia,sp,10.5,BL
5996,Thalestria.sp,Thalestria,sp,15.5,BL
5999,Thectochlora.sp,Thectochlora,sp,7,BL
6000,Thevenetimyia.sp,Thevenetimyia,sp,12,BL
6001,Thrinchostoma.sp,Thrinchostoma,sp,12,BL
6002,Thrincohalictus.sp,Thrincohalictus,sp,9.5,BL
6003,Thygater.sp,Thygater,sp,13,BL
6005,Thymelicus.sp,Thymelicus,sp,28,WS
6006,Thyreocoris.sp,Thyreocoris,sp,3.5,BL
6008,Thyreus.sp,Thyreus,sp,11,BL
6010,Thysanoptera.sp,Thysanoptera,sp,1.5,BL
6012,Toromelissa.sp,Toromelissa,sp,7.5,BL
6013,Townsendiella.sp,Townsendiella,sp,5,BL
6017,Trachusa.sp,Trachusa,sp,14.25,BL
6018,Trachusoides.sp,Trachusoides,sp,12,BL
6021,Trichocerapis.sp,Trichocerapis,sp,13,BL
6022,Trichocolletes.sp,Trichocolletes,sp,14,BL
6024,Trichonomada.sp,Trichonomada,sp,6.15,BL
6025,Trichothurgus.sp,Trichothurgus,sp,14,BL
6026,Trichotrigona.sp,Trichotrigona,sp,5,BL
6035,Trigona.sp,Trigona,sp,7,BL
6037,Trigonisca.sp,Trigonisca,sp,3,BL
6038,Trigonopedia.sp,Trigonopedia,sp,9,BL
6039,Triopasites.sp,Triopasites,sp,5.25,BL
6042,Tropidopedia.sp,Tropidopedia,sp,9,BL
6043,Tumidihesma.sp,Tumidihesma,sp,6,BL
6047,Urohalictus.sp,Urohalictus,sp,11,BL
6048,Uromonia.sp,Uromonia,sp,11.5,BL
6053,Wania.sp,Wania,sp,7.5,BL
6054,Xanthesma.sp,Xanthesma,sp,5.35,BL
6057,Xanthopedia.sp,Xanthopedia,sp,9,BL
6058,Xenochilicola.sp,Xenochilicola,sp,2.75,BL
6059,Xenochlora.sp,Xenochlora,sp,10.5,BL
6060,Xenoglossa.sp,Xenoglossa,sp,17.5,BL
6061,Xenoheriades.sp,Xenoheriades,sp,5.75,BL
6062,Xenorhiza.sp,Xenorhiza,sp,7,BL
6063,Xeralictus.sp,Xeralictus,sp,11.75,BL
6065,Xeromelecta.sp,Xeromelecta,sp,12,BL
6066,Xeromelissa.sp,Xeromelissa,sp,6,BL
6069,Xylocopa.sp,Xylocopa,sp,21.5,BL
6076,Xylota.sp,Xylota,sp,9,BL
6077,Zacosmia.sp,Zacosmia,sp,7,BL
6078,Zodion.sp,Zodion,sp,10,BL